date,country,confirmed,deaths,recovered,tests,vaccinations
2020-01-01,Italy,4948,99,4090,9901,2907
2020-01-02,Russia,5019,102,3932,10066,3028
2020-01-03,Germany,5121,92,3914,10118,2905
2020-01-04,UK,5059,89,3907,10114,2905
2020-01-05,Italy,4867,98,3921,9946,2989
2020-01-06,Canada,4895,104,4040,10111,3090
2020-01-07,Brazil,5114,78,4051,10081,3011
2020-01-08,Italy,4943,97,4055,10193,3005
2020-01-09,Germany,4929,101,4026,9938,3051
2020-01-10,UK,4965,91,3983,10185,2971
2020-01-11,Russia,4940,103,4075,10023,3052
2020-01-12,Germany,4975,91,3999,10072,3046
2020-01-13,Germany,4934,100,3999,9932,3039
2020-01-14,Brazil,5021,95,3958,10035,2943
2020-01-15,France,4983,83,4035,10020,2974
2020-01-16,UK,5124,112,3985,9877,3042
2020-01-17,India,4996,100,4126,10023,2995
2020-01-18,Germany,5017,101,3913,9989,2983
2020-01-19,France,5116,106,3997,10149,2927
2020-01-20,India,5016,104,3953,10063,3026
2020-01-21,UK,5062,116,3898,10057,3129
2020-01-22,USA,4938,98,3956,9953,2952
2020-01-23,Canada,5003,103,4042,9994,3028
2020-01-24,France,4992,96,4002,9841,2905
2020-01-25,Spain,5088,114,4080,9982,3121
2020-01-26,USA,4928,100,3985,10023,3086
2020-01-27,Canada,4960,109,3963,9879,2934
2020-01-28,Brazil,4985,100,3974,9878,2990
2020-01-29,Italy,4969,108,3988,9785,3030
2020-01-30,Russia,5025,91,4047,9895,2943
2020-01-31,Spain,5079,95,4026,10019,2970
2020-02-01,Brazil,4957,117,3948,9785,2979
2020-02-02,UK,5005,97,3946,10061,3044
2020-02-03,Brazil,4996,104,4080,10098,3015
2020-02-04,Italy,5058,100,3921,10259,2987
2020-02-05,UK,4966,88,4102,9954,2989
2020-02-06,Spain,5055,98,3861,10018,3016
2020-02-07,Italy,5106,109,4012,10068,3107
2020-02-08,India,5080,90,3992,9888,3033
2020-02-09,Russia,4981,97,3988,9873,3012
2020-02-10,Spain,4947,93,4003,9984,2962
2020-02-11,India,5001,118,3933,9870,2950
2020-02-12,Canada,4967,100,4040,10101,3046
2020-02-13,Spain,5100,121,3962,10005,3019
2020-02-14,Canada,5047,107,3916,10049,2924
2020-02-15,UK,5150,98,3861,10029,3080
2020-02-16,India,4981,98,4010,10022,3032
2020-02-17,Russia,4884,92,3992,10008,3002
2020-02-18,Italy,5050,111,3963,10113,2975
2020-02-19,Germany,4905,110,3963,9953,3057
2020-02-20,Brazil,5029,104,4023,10122,3006
2020-02-21,USA,5114,93,4051,10177,2926
2020-02-22,Russia,4966,94,4062,10076,3033
2020-02-23,India,4972,82,4066,10076,2957
2020-02-24,Germany,5077,95,4080,10190,3040
2020-02-25,Russia,5060,95,3962,9937,2946
2020-02-26,India,5088,97,3945,9937,2974
2020-02-27,France,4901,94,4015,9971,3003
2020-02-28,France,4927,97,4004,10000,3012
2020-02-29,Canada,5002,97,3956,9969,3087
2020-03-01,Russia,5042,98,3988,10241,2976
2020-03-02,France,4938,113,4046,10192,3045
2020-03-03,India,4984,109,3966,9880,2892
2020-03-04,Canada,5107,101,3945,10053,3024
2020-03-05,India,5038,97,4095,9931,2976
2020-03-06,Canada,5006,114,3979,9987,2987
2020-03-07,Russia,5000,104,4001,9947,2968
2020-03-08,Germany,4981,86,4120,10002,3005
2020-03-09,Italy,5046,94,3932,9920,2998
2020-03-10,Spain,4913,92,3994,10033,2950
2020-03-11,Germany,4950,95,4019,9989,2975
2020-03-12,UK,4946,97,3946,10025,3028
2020-03-13,India,4999,113,3972,10044,2994
2020-03-14,UK,5079,97,3899,10038,2965
2020-03-15,Germany,5059,90,4086,10011,3020
2020-03-16,Canada,4970,101,4007,10016,3027
2020-03-17,Spain,4928,106,4052,10185,3092
2020-03-18,Spain,5059,119,4016,9982,3029
2020-03-19,USA,5079,86,3902,9973,2934
2020-03-20,Spain,5118,105,4017,10101,2990
2020-03-21,Italy,5022,103,4078,10008,2920
2020-03-22,Spain,4979,105,3957,9908,2927
2020-03-23,Germany,4910,114,4119,10112,3020
2020-03-24,USA,4951,106,4104,9975,3029
2020-03-25,Germany,4921,107,4030,10069,2969
2020-03-26,Germany,4918,108,4048,10053,3091
2020-03-27,Brazil,4995,113,3964,9916,2979
2020-03-28,USA,4970,87,3971,9863,3080
2020-03-29,Germany,5043,101,3905,9924,3066
2020-03-30,Brazil,4992,110,3922,10003,2997
2020-03-31,Brazil,4876,99,3999,10020,2996
2020-04-01,USA,5212,97,4045,10047,2998
2020-04-02,UK,4895,91,4013,9974,2960
2020-04-03,Canada,5064,99,4126,9972,2990
2020-04-04,Italy,5004,107,3990,9898,2993
2020-04-05,Canada,5028,99,3969,10028,3059
2020-04-06,Spain,5047,121,4024,10076,3003
2020-04-07,Italy,5030,98,4042,10032,3028
2020-04-08,Spain,4843,107,4019,9915,2991
2020-04-09,Germany,4827,106,4005,9976,2994
2020-04-10,India,4995,96,4034,9843,2954
2020-04-11,USA,4904,95,4043,10018,2988
2020-04-12,Italy,4931,96,3937,10070,3006
2020-04-13,Italy,4984,111,4140,10214,2995
2020-04-14,Germany,5052,104,3916,10020,2992
2020-04-15,UK,4991,85,3909,9933,3006
2020-04-16,Brazil,5030,102,3954,10062,3079
2020-04-17,Germany,4972,101,4041,10148,2934
2020-04-18,France,4996,95,4092,9971,2945
2020-04-19,Brazil,5006,108,3959,9974,3003
2020-04-20,USA,4981,91,3964,10088,2909
2020-04-21,Brazil,5068,97,4022,9994,3027
2020-04-22,UK,5033,95,4002,9944,3035
2020-04-23,Brazil,5004,88,3968,10099,2950
2020-04-24,USA,5095,103,3967,10097,2989
2020-04-25,UK,4992,101,3883,10070,3037
2020-04-26,Canada,4976,94,4062,10053,3038
2020-04-27,Italy,4869,106,3999,10083,3001
2020-04-28,Italy,4845,103,3962,9992,3029
2020-04-29,Spain,5016,103,3988,9855,3032
2020-04-30,Canada,4979,113,4151,10330,2940
2020-05-01,Canada,4966,108,4057,9946,2966
2020-05-02,Brazil,5049,102,3944,10038,2956
2020-05-03,Italy,4993,98,3853,10037,3070
2020-05-04,USA,5085,125,3942,9844,2996
2020-05-05,Russia,5018,101,3953,9859,3017
2020-05-06,Russia,5114,104,4013,9768,2981
2020-05-07,UK,4898,91,4069,10043,3014
2020-05-08,Italy,4906,111,4103,9879,2992
2020-05-09,Italy,5067,93,3930,10091,2908
2020-05-10,Russia,5018,111,3992,9955,2987
2020-05-11,Italy,5098,109,4085,9826,2979
2020-05-12,Brazil,5109,99,4139,10089,3001
2020-05-13,France,5052,109,4021,10165,3037
2020-05-14,India,4980,108,4008,10081,2929
2020-05-15,Canada,4941,91,3937,10150,2917
2020-05-16,Spain,4904,93,3994,10030,3103
2020-05-17,UK,4976,114,4065,9918,3099
2020-05-18,France,5067,104,4013,9927,3096
2020-05-19,Russia,4937,109,4002,9957,2955
2020-05-20,Canada,5020,90,3986,10097,2944
2020-05-21,Italy,4949,107,4044,10077,2962
2020-05-22,Spain,5106,105,4008,9944,3002
2020-05-23,Italy,5025,108,3949,9948,3099
2020-05-24,USA,5087,119,3916,9940,2881
2020-05-25,USA,4978,105,3947,9875,3055
2020-05-26,Spain,4995,99,3864,10164,3047
2020-05-27,Spain,5084,94,3906,10017,2999
2020-05-28,Russia,4965,112,3988,10037,3013
2020-05-29,Spain,5050,94,3922,9938,3016
2020-05-30,Brazil,4947,106,3971,10071,2993
2020-05-31,Italy,5041,87,4034,9850,3035
2020-06-01,France,5006,97,3919,9801,2888
2020-06-02,Germany,4898,97,3957,9841,3076
2020-06-03,Spain,5098,104,4077,9789,2977
2020-06-04,UK,5111,105,3991,10114,3048
2020-06-05,USA,5033,102,3944,10006,2936
2020-06-06,Brazil,5089,113,4013,9941,3039
2020-06-07,Canada,5004,96,3991,9932,2964
2020-06-08,Germany,4945,104,4148,9908,2904
2020-06-09,France,4920,98,4023,9952,2987
2020-06-10,Germany,4943,112,4084,9987,3090
2020-06-11,Spain,4896,120,3972,9910,2983
2020-06-12,Russia,4930,96,4058,10086,2989
2020-06-13,USA,5188,86,3962,9796,2906
2020-06-14,USA,5096,104,3902,9965,2988
2020-06-15,Canada,5073,81,4081,10132,2959
2020-06-16,Russia,5113,108,3850,10086,2888
2020-06-17,Italy,5011,97,4104,10100,2968
2020-06-18,India,4948,99,3888,9780,2966
2020-06-19,Brazil,4882,80,4033,9850,2977
2020-06-20,USA,5012,99,3894,10097,2853
2020-06-21,UK,4975,114,3971,9992,3048
2020-06-22,USA,5073,111,4045,9983,2985
2020-06-23,Germany,4954,83,3943,10061,3072
2020-06-24,USA,4986,84,3941,10044,3005
2020-06-25,USA,4978,106,3900,9959,2965
2020-06-26,India,5055,103,3985,10041,2995
2020-06-27,India,4925,106,4039,10124,3019
2020-06-28,France,5155,105,3921,9981,3045
2020-06-29,Italy,5059,87,4029,10200,3040
2020-06-30,UK,4995,91,4057,10104,2886
2020-07-01,USA,4873,103,3964,9921,2982
2020-07-02,USA,4989,120,3875,10064,2992
2020-07-03,Brazil,5019,87,4049,9951,2974
2020-07-04,India,4863,98,3917,10015,3008
2020-07-05,UK,4974,105,3962,10009,2929
2020-07-06,Canada,4947,94,4025,10231,3021
2020-07-07,France,4920,109,3971,10086,2957
2020-07-08,Italy,5150,89,4091,10146,3025
2020-07-09,Russia,5085,82,4040,10008,2975
2020-07-10,Italy,5075,89,4102,10118,3058
2020-07-11,Germany,5080,91,4023,9920,2969
2020-07-12,USA,4941,91,4026,9917,2957
2020-07-13,France,5113,111,3991,9873,3054
2020-07-14,Germany,4988,96,3932,10165,2973
2020-07-15,UK,4963,115,3938,10075,2988
2020-07-16,Russia,5053,93,4030,9923,3017
2020-07-17,India,5091,111,4136,10081,3023
2020-07-18,France,5012,103,3988,9904,3056
2020-07-19,France,5009,99,3940,10054,2862
2020-07-20,USA,4934,94,4047,10089,3069
2020-07-21,Spain,4918,113,4085,9995,3125
2020-07-22,France,5006,106,3934,10073,2967
2020-07-23,Brazil,5066,96,3989,10106,3008
2020-07-24,Russia,5115,95,4014,9855,2937
2020-07-25,Russia,4928,90,4046,10112,3006
2020-07-26,Brazil,5022,87,4007,10006,2997
2020-07-27,Canada,5012,99,4038,10017,2949
2020-07-28,Brazil,4920,102,4103,10091,2975
2020-07-29,Brazil,4964,105,4001,9944,3064
2020-07-30,Russia,4987,110,3918,10056,2967
2020-07-31,Italy,4916,106,4081,10133,3038
2020-08-01,Russia,5037,100,4041,9972,2990
2020-08-02,Spain,5032,114,3892,10014,3019
2020-08-03,USA,5047,100,3952,9860,2936
2020-08-04,Germany,4915,100,3993,10087,2959
2020-08-05,Italy,5014,97,4123,9921,3117
2020-08-06,India,4996,119,4095,9904,2965
2020-08-07,Germany,4968,93,3925,9853,2972
2020-08-08,USA,5145,112,3993,10000,2962
2020-08-09,Spain,5007,112,3963,9868,3013
2020-08-10,Spain,4880,97,3994,10020,2988
2020-08-11,India,4971,103,4121,9998,3003
2020-08-12,Italy,5040,102,3916,10199,3114
2020-08-13,Canada,5163,109,3974,10034,2918
2020-08-14,Brazil,5105,95,4040,9905,2990
2020-08-15,Italy,5024,102,3964,10046,3062
2020-08-16,Canada,4958,92,4178,9873,2950
2020-08-17,Spain,5155,101,3996,10128,3088
2020-08-18,Russia,5062,108,3904,10007,3000
2020-08-19,USA,4997,103,3945,9952,3039
2020-08-20,India,5011,96,4073,10057,2959
2020-08-21,USA,5063,93,3839,9917,2907
2020-08-22,UK,4818,90,4113,10079,2919
2020-08-23,UK,4988,121,3906,10056,3055
2020-08-24,Italy,5019,118,3962,10054,2933
2020-08-25,Spain,4996,103,3983,10187,3051
2020-08-26,Spain,4965,108,4027,9973,3034
2020-08-27,Brazil,5052,103,3807,9982,3001
2020-08-28,Brazil,4987,100,4024,9991,2994
2020-08-29,Brazil,4921,119,4022,10181,3050
2020-08-30,Russia,5031,106,3912,10070,2895
2020-08-31,Germany,5008,105,3921,9854,2891
2020-09-01,France,4879,91,3827,10184,3036
2020-09-02,Germany,4939,99,4032,9889,3022
2020-09-03,USA,4934,86,3971,9954,2959
2020-09-04,Germany,4983,93,4064,10023,2940
2020-09-05,Russia,5026,109,4007,10080,3048
2020-09-06,USA,5058,91,3935,10007,2971
2020-09-07,Germany,5009,99,3978,9857,3068
2020-09-08,Russia,5018,117,3957,9925,3113
2020-09-09,France,4979,117,4000,9850,2928
2020-09-10,Germany,5020,103,4038,10047,3069
2020-09-11,Russia,4954,79,3856,9987,3035
2020-09-12,Brazil,4976,104,3971,9959,3066
2020-09-13,Spain,5078,102,4098,9742,2968
2020-09-14,Brazil,5060,96,4065,10091,2974
2020-09-15,Spain,5021,108,3916,10064,3057
2020-09-16,India,4974,84,3942,9851,2895
2020-09-17,India,4982,98,4065,9870,2969
2020-09-18,India,4987,95,4078,9909,3025
2020-09-19,France,4981,103,4019,9993,2999
2020-09-20,Brazil,5016,90,4026,10027,2981
2020-09-21,Spain,4890,103,4015,9994,2995
2020-09-22,Russia,4961,100,3807,9802,3024
2020-09-23,USA,5087,116,4022,9998,2981
2020-09-24,Russia,5018,99,3942,10140,2973
2020-09-25,USA,4979,101,4081,9889,3004
2020-09-26,UK,4942,98,4031,9877,2983
2020-09-27,Russia,4988,93,3954,9896,2959
2020-09-28,Germany,4990,94,4107,10099,2994
2020-09-29,Germany,4915,120,3890,9869,2953
2020-09-30,Italy,5018,90,3905,10050,2992
2020-10-01,Brazil,4947,92,4021,9985,3066
2020-10-02,USA,4975,93,4097,10089,2944
2020-10-03,USA,4971,98,3902,10006,3080
2020-10-04,Brazil,5062,90,3967,10058,3029
2020-10-05,France,4989,104,4061,10004,2938
2020-10-06,Italy,5012,89,3985,9867,2953
2020-10-07,France,4905,109,3960,10079,2997
2020-10-08,France,4843,113,3913,10033,3015
2020-10-09,France,4940,107,4076,10040,2999
2020-10-10,Brazil,4885,96,3890,9966,2974
2020-10-11,France,5017,94,3995,9893,3029
2020-10-12,Germany,4979,85,3974,9853,3010
2020-10-13,India,5039,103,4015,9954,3122
2020-10-14,UK,5016,111,3971,10063,2972
2020-10-15,USA,5004,100,3970,10050,2987
2020-10-16,USA,5006,87,4010,10016,3027
2020-10-17,UK,4909,104,4122,9857,2959
2020-10-18,Brazil,5143,97,4107,9980,3015
2020-10-19,Russia,4921,76,4019,10019,2984
2020-10-20,Brazil,5049,85,4010,9936,3089
2020-10-21,USA,4947,101,4053,9952,3000
2020-10-22,USA,5077,97,4055,10021,2921
2020-10-23,UK,5058,121,3991,9867,2968
2020-10-24,France,5020,92,4035,10131,2883
2020-10-25,Brazil,5075,85,3961,9982,3012
2020-10-26,Spain,5015,96,3962,10110,2985
2020-10-27,UK,4920,102,3968,10080,3029
2020-10-28,Germany,4962,115,3936,9956,3031
2020-10-29,USA,4886,106,3957,9992,3035
2020-10-30,UK,4898,113,3888,9960,2940
2020-10-31,Brazil,4988,113,3949,10036,2998
2020-11-01,USA,5095,108,3960,10044,3004
2020-11-02,Russia,5091,92,4015,10125,3030
2020-11-03,UK,4957,109,4065,9802,2994
2020-11-04,Italy,4964,109,3935,10056,2983
2020-11-05,USA,5022,88,3987,10011,2971
2020-11-06,Brazil,4976,102,3959,9939,2999
2020-11-07,India,5019,108,4003,10000,2943
2020-11-08,Spain,4989,115,3915,9954,2963
2020-11-09,Canada,5017,88,4015,10025,3060
2020-11-10,France,5029,102,3967,10108,3038
2020-11-11,Canada,5000,111,3917,10050,3035
2020-11-12,Brazil,5117,116,3999,9938,3024
2020-11-13,Germany,4898,90,4005,9894,2898
2020-11-14,Germany,5005,102,3909,10022,2994
2020-11-15,India,4995,109,4070,9933,3037
2020-11-16,France,5010,90,4019,9962,2953
2020-11-17,Italy,5045,105,3912,10118,2990
2020-11-18,India,5074,98,4031,9958,3010
2020-11-19,Canada,5105,120,4086,10118,3015
2020-11-20,India,4976,92,3965,9808,2977
2020-11-21,Canada,4996,103,4025,10006,3098
2020-11-22,USA,4922,118,3910,10142,2982
2020-11-23,Germany,5005,91,4006,9890,3064
2020-11-24,USA,5131,100,3913,9965,2928
2020-11-25,Spain,5016,104,3901,10037,3055
2020-11-26,France,5046,77,3983,9977,2899
2020-11-27,Italy,5004,98,3933,9930,3041
2020-11-28,Canada,5087,127,3933,9762,2930
2020-11-29,Italy,4928,108,4001,9999,2876
2020-11-30,Canada,5065,101,3941,9902,2894
2020-12-01,Brazil,5120,91,3999,10068,3060
2020-12-02,India,4884,102,4090,9817,3037
2020-12-03,Spain,4974,116,3991,9781,3025
2020-12-04,Germany,4900,91,4012,9927,3042
2020-12-05,Canada,5028,106,3963,9944,3082
2020-12-06,Italy,5019,93,3958,9934,2977
2020-12-07,Spain,5030,111,3928,10039,3012
2020-12-08,Russia,4971,99,4013,10170,3123
2020-12-09,Russia,5059,94,4042,10072,2962
2020-12-10,USA,4948,84,4000,10115,2940
2020-12-11,Germany,5049,97,3980,10073,3004
2020-12-12,Brazil,5035,115,3898,10079,3008
2020-12-13,Italy,5058,92,3900,10040,3016
2020-12-14,India,4985,108,3922,9849,3052
2020-12-15,India,4942,98,3900,10032,2997
2020-12-16,Italy,4995,101,4020,9844,2934
2020-12-17,France,4926,115,4093,9788,2983
2020-12-18,Brazil,4941,114,3955,10159,2905
2020-12-19,Spain,5028,111,4114,10052,2942
2020-12-20,Canada,5027,106,3966,10088,2960
2020-12-21,France,4913,92,4034,9969,2971
2020-12-22,Canada,5020,112,4036,9857,2965
2020-12-23,Canada,4988,98,4119,9946,3000
2020-12-24,France,5047,96,3956,9874,2959
2020-12-25,USA,4967,99,4012,9835,3023
2020-12-26,Russia,5021,99,4055,10150,3122
2020-12-27,Canada,5111,94,3983,10128,3046
2020-12-28,France,4950,81,3978,9951,3078
2020-12-29,France,5019,98,3883,9876,3027
2020-12-30,UK,4973,117,4000,10129,2939
2020-12-31,USA,5024,87,3979,10031,2999
2021-01-01,Germany,5077,98,3928,10048,2997
2021-01-02,UK,4868,107,3985,10090,2978
2021-01-03,UK,4951,95,4031,9960,3021
2021-01-04,Italy,5037,78,3945,10176,3082
2021-01-05,Russia,4991,95,4000,9986,3001
2021-01-06,France,4844,92,3931,9769,2981
2021-01-07,Russia,4989,122,4010,9975,3027
2021-01-08,Brazil,5016,93,3960,9929,3027
2021-01-09,Italy,5055,93,3912,9888,3023
2021-01-10,Germany,4982,118,4087,10092,3004
2021-01-11,Russia,5074,98,4003,9855,3015
2021-01-12,India,4995,112,3993,10058,2893
2021-01-13,Canada,5058,94,3971,9969,2968
2021-01-14,Brazil,5035,106,4130,10306,3047
2021-01-15,USA,4948,102,4030,9968,2977
2021-01-16,Germany,5089,80,4054,10022,3021
2021-01-17,Brazil,5001,102,4019,9895,3036
2021-01-18,Canada,4860,87,4007,10047,3027
2021-01-19,Italy,4940,90,4002,9869,2986
2021-01-20,Canada,4976,97,3979,10027,3056
2021-01-21,UK,4943,91,3922,10102,3001
2021-01-22,Canada,5075,93,4006,10116,2944
2021-01-23,UK,4921,84,3963,9959,3169
2021-01-24,Italy,5015,78,3961,10018,3007
2021-01-25,Spain,4978,93,4038,9937,2865
2021-01-26,UK,4979,95,3930,10048,2984
2021-01-27,USA,5026,113,4001,10092,2854
2021-01-28,Canada,5006,107,3975,9827,3052
2021-01-29,Canada,4913,106,4074,9945,3008
2021-01-30,USA,5073,91,3997,10234,2930
2021-01-31,India,5015,94,3966,9894,3035
2021-02-01,France,5015,101,3938,9930,3067
2021-02-02,Spain,4961,95,3965,10046,2992
2021-02-03,Germany,4912,87,4034,9911,2919
2021-02-04,UK,5076,111,3974,9945,3002
2021-02-05,USA,5034,95,3987,9875,2986
2021-02-06,Italy,4996,95,4031,10094,2924
2021-02-07,UK,4942,94,4034,9944,2989
2021-02-08,France,5061,86,3979,10071,2947
2021-02-09,Italy,5019,113,3986,10045,3023
2021-02-10,Brazil,5094,88,3916,10182,2996
2021-02-11,Canada,5084,85,4051,9962,3041
2021-02-12,Brazil,4972,105,4030,10077,2958
2021-02-13,UK,5013,83,4032,10136,2985
2021-02-14,France,4936,98,4062,10038,2907
2021-02-15,Spain,5055,86,4081,9997,3009
2021-02-16,UK,4957,96,4037,9962,2950
2021-02-17,USA,4924,100,4054,9978,3043
2021-02-18,Russia,5062,98,3991,10154,2955
2021-02-19,UK,4926,103,4109,10003,2960
2021-02-20,Canada,5024,100,3942,9850,3031
2021-02-21,Canada,4941,93,4099,10023,2997
2021-02-22,UK,4939,85,4024,10039,2968
2021-02-23,Italy,5032,101,4060,10095,2930
2021-02-24,Russia,5047,99,4001,9927,3052
2021-02-25,USA,4981,90,4106,9991,3006
2021-02-26,UK,4970,109,3938,10147,2999
2021-02-27,Italy,4996,103,4033,10016,2938
2021-02-28,Canada,4977,80,4041,10001,3101
2021-03-01,Canada,4946,87,4140,9959,2943
2021-03-02,France,4984,108,3907,9977,3054
2021-03-03,UK,5016,88,4035,10015,2959
2021-03-04,Russia,4930,99,4092,9943,3005
2021-03-05,India,4963,95,3955,10025,2907
2021-03-06,Russia,5026,104,3987,10044,2995
2021-03-07,Canada,4862,104,4043,9858,3029
2021-03-08,Canada,4974,86,3922,9994,2997
2021-03-09,Brazil,5030,90,4011,9970,2920
2021-03-10,Canada,4950,97,3990,9996,3053
2021-03-11,USA,4907,99,3989,10045,2959
2021-03-12,Germany,4945,105,4059,9803,2967
2021-03-13,UK,5070,100,4004,10003,2988
2021-03-14,Russia,5087,110,3984,9712,2884
2021-03-15,Germany,5174,110,4048,10000,3067
2021-03-16,Italy,4894,89,3941,9881,2972
2021-03-17,India,5148,96,3916,9970,3089
2021-03-18,USA,4875,111,4089,9976,3058
2021-03-19,Russia,5132,88,4045,9944,2976
2021-03-20,Germany,5062,103,3956,10007,3007
2021-03-21,India,4999,111,3921,10091,3098
2021-03-22,Brazil,4990,102,4016,9939,2986
2021-03-23,USA,5101,108,4044,9964,3026
2021-03-24,USA,5097,118,4056,10165,3040
2021-03-25,Brazil,4835,87,3935,9989,3099
2021-03-26,UK,5053,115,3952,10037,2942
2021-03-27,Brazil,5068,87,3887,10043,2913
2021-03-28,USA,4977,99,4031,10157,2932
2021-03-29,USA,5147,94,4039,10051,2986
2021-03-30,Germany,4970,104,3952,10040,3096
2021-03-31,Canada,5010,94,3939,10065,3080
2021-04-01,India,4867,102,3988,10073,2970
2021-04-02,Brazil,4880,84,4019,9804,2959
2021-04-03,India,5106,115,3901,9927,3009
2021-04-04,Brazil,5034,115,4000,10105,2984
2021-04-05,Italy,4948,110,3874,10059,3086
2021-04-06,USA,4996,91,3947,10209,3011
2021-04-07,Canada,4963,99,4087,10035,3052
2021-04-08,Germany,4995,83,3998,9911,3030
2021-04-09,Canada,4997,84,4075,9979,3015
2021-04-10,Canada,5004,114,4043,10098,3043
2021-04-11,Canada,4919,95,3991,9995,3003
2021-04-12,India,4899,94,4008,9864,3014
2021-04-13,Brazil,4890,112,4049,9937,3007
2021-04-14,Spain,5010,106,4007,9935,2953
2021-04-15,Italy,4921,107,4043,10070,2932
2021-04-16,Russia,5130,86,3974,10034,2913
2021-04-17,Canada,4999,92,4201,9995,3073
2021-04-18,UK,4962,84,3956,10062,2995
2021-04-19,India,4948,105,4070,9904,3003
2021-04-20,Germany,5028,94,3958,10109,3079
2021-04-21,Russia,5011,109,4039,9910,3081
2021-04-22,Spain,4847,91,3980,10072,3026
2021-04-23,UK,5055,101,4091,10071,3033
2021-04-24,Spain,5008,94,3924,10097,3063
2021-04-25,Russia,4897,108,3960,9924,2914
2021-04-26,Canada,4887,99,3958,9814,2998
2021-04-27,UK,4998,77,4111,9928,2909
2021-04-28,Spain,4968,119,4084,10159,2962
2021-04-29,Germany,5056,93,3899,9997,3005
2021-04-30,Brazil,5023,103,4024,10010,2960
2021-05-01,USA,4917,101,3942,9953,3114
2021-05-02,Brazil,5015,115,4045,9934,2969
2021-05-03,Russia,4987,106,3995,9957,3046
2021-05-04,India,5012,95,4033,9947,3045
2021-05-05,USA,5052,101,4044,9982,3006
2021-05-06,Italy,4953,111,3891,9899,2930
2021-05-07,Germany,5096,119,4078,9954,2992
2021-05-08,Italy,4961,94,3912,10003,2959
2021-05-09,UK,5072,101,3945,9958,2921
2021-05-10,USA,5039,94,4081,9995,2962
2021-05-11,Italy,5008,95,3873,10081,2874
2021-05-12,Italy,5083,99,4022,9953,2952
2021-05-13,Spain,5077,89,4010,10015,2968
2021-05-14,Brazil,5054,100,4003,9935,3008
2021-05-15,Spain,5037,113,4037,10006,2991
2021-05-16,USA,5080,153,3950,10048,3040
2021-05-17,USA,5000,103,4048,9836,2890
2021-05-18,Russia,4977,99,3997,10034,2991
2021-05-19,Spain,5062,99,3954,9835,2981
2021-05-20,France,4912,107,3959,9945,2995
2021-05-21,Brazil,4927,90,4087,9919,2919
2021-05-22,USA,4980,93,4019,10060,3030
2021-05-23,Russia,5002,86,4033,9976,3039
2021-05-24,Spain,4895,94,4065,10010,2950
2021-05-25,Brazil,5042,105,4029,10024,2869
2021-05-26,Spain,4997,103,4047,10045,2986
2021-05-27,Italy,5021,91,3991,10087,3003
2021-05-28,Russia,4963,96,4025,9944,2988
2021-05-29,Brazil,4916,86,4067,10094,3056
2021-05-30,Canada,4936,94,3977,9957,2923
2021-05-31,UK,5004,105,4000,10017,2979
2021-06-01,UK,4905,88,4104,9831,3022
2021-06-02,Brazil,4943,114,4000,9899,3084
2021-06-03,Spain,4860,113,3970,9799,2986
2021-06-04,Russia,5058,103,3960,9999,3111
2021-06-05,UK,4958,95,3974,10173,2992
2021-06-06,Russia,5028,100,4036,10031,3026
2021-06-07,UK,4926,94,3997,9987,3049
2021-06-08,Italy,4934,117,4101,10111,2924
2021-06-09,Spain,5042,94,4052,10105,2908
2021-06-10,Italy,5017,105,3990,10109,2934
2021-06-11,UK,5131,97,4134,9986,3055
2021-06-12,Canada,4940,110,4004,10040,3040
2021-06-13,Canada,4992,88,3954,9915,2956
2021-06-14,Italy,4987,103,4096,10168,2943
2021-06-15,Canada,5043,113,3939,9884,2900
2021-06-16,UK,5113,91,4019,10166,3084
2021-06-17,Brazil,4940,96,4032,10013,3000
2021-06-18,Italy,4980,87,4030,9980,3012
2021-06-19,India,4994,99,3986,9899,2894
2021-06-20,Spain,4954,116,3964,9894,2987
2021-06-21,Canada,4804,90,4028,9940,2950
2021-06-22,Canada,4952,90,3960,10001,3009
2021-06-23,USA,4986,100,3972,10208,2980
2021-06-24,France,4951,99,3989,9949,2963
2021-06-25,Italy,5085,113,4009,9953,2972
2021-06-26,Germany,5024,97,4140,9961,3021
2021-06-27,Canada,4968,99,3992,10131,2981
2021-06-28,Spain,5059,110,3953,9858,2956
2021-06-29,India,4943,109,4033,9980,3094
2021-06-30,Canada,5010,111,4018,10030,3041
2021-07-01,India,5097,96,3898,9857,2976
2021-07-02,UK,5076,107,3955,10112,3019
2021-07-03,UK,5025,103,3937,10001,3011
2021-07-04,France,5048,114,3988,10117,3048
2021-07-05,Brazil,4967,90,3989,9855,3002
2021-07-06,Germany,4928,101,3987,10068,3057
2021-07-07,USA,5046,92,4004,9907,2990
2021-07-08,France,4885,117,3878,10094,2925
2021-07-09,Russia,5009,101,4011,10055,2854
2021-07-10,USA,4940,95,4062,9860,3060
2021-07-11,Italy,5008,99,4059,10099,2885
2021-07-12,Spain,5010,109,3885,9911,2989
2021-07-13,Russia,4940,105,3981,9934,2965
2021-07-14,Russia,4986,80,3958,9892,2918
2021-07-15,France,5034,107,4083,10084,3032
2021-07-16,Brazil,4891,118,4069,9911,2967
2021-07-17,France,4992,93,4019,10089,2983
2021-07-18,Italy,4956,89,4084,10040,3025
2021-07-19,Canada,4900,95,3954,10096,3009
2021-07-20,Canada,4999,97,4049,9899,2994
2021-07-21,Brazil,5092,102,4003,10014,3007
2021-07-22,Italy,5056,127,3982,10031,3014
2021-07-23,Brazil,5033,100,4034,9929,3027
2021-07-24,India,5012,78,4060,10057,2971
2021-07-25,Canada,5012,91,3985,10055,2976
2021-07-26,Russia,4889,86,3959,9928,3015
2021-07-27,Germany,4954,109,4041,10085,3011
2021-07-28,Spain,5067,104,4020,10032,3059
2021-07-29,Italy,4990,112,3963,10060,3007
2021-07-30,USA,4888,107,3983,10055,2958
2021-07-31,Brazil,4931,104,4060,9988,2950
2021-08-01,Spain,4889,103,3951,10053,3022
2021-08-02,USA,5056,90,3970,10036,3005
2021-08-03,Spain,4961,93,3989,9964,3044
2021-08-04,Germany,4932,96,3918,9765,2957
2021-08-05,USA,5004,81,3927,9924,2990
2021-08-06,France,5011,104,3950,10119,2957
2021-08-07,UK,5023,105,4016,10009,2897
2021-08-08,France,5105,102,4090,9888,3031
2021-08-09,Canada,5001,104,4057,10080,3021
2021-08-10,UK,5049,107,4009,9988,2881
2021-08-11,France,4961,98,3995,10166,2872
2021-08-12,UK,4903,97,3927,10083,2953
2021-08-13,UK,4997,94,4039,10028,2996
2021-08-14,Russia,5048,106,4090,10054,3066
2021-08-15,Brazil,5032,120,3923,9859,2969
2021-08-16,Brazil,5039,92,4057,9849,2969
2021-08-17,Russia,4936,90,4076,10002,2976
2021-08-18,Spain,4957,91,4087,9962,3023
2021-08-19,India,4899,111,4043,9745,2967
2021-08-20,Spain,5031,99,4003,9922,3053
2021-08-21,USA,4947,106,3933,9969,2967
2021-08-22,USA,5096,107,4105,10060,2933
2021-08-23,UK,4945,90,3875,9980,3038
2021-08-24,France,4884,87,4018,9976,2929
2021-08-25,France,4984,94,4011,9997,3046
2021-08-26,Brazil,5051,80,4020,9981,3021
2021-08-27,Italy,5023,90,3960,10182,3045
2021-08-28,Spain,5015,97,4062,9858,3058
2021-08-29,Canada,5069,92,4019,9959,3030
2021-08-30,Germany,4947,95,3927,10063,2974
2021-08-31,France,5051,87,3965,10023,2994
2021-09-01,Germany,4961,80,3921,10100,3014
2021-09-02,UK,5038,106,4009,10071,3092
2021-09-03,Germany,4871,87,3957,10106,3001
2021-09-04,Canada,4967,104,4079,10186,3052
2021-09-05,Russia,4937,100,3984,10122,2924
2021-09-06,Canada,4867,102,3916,10004,3063
2021-09-07,Germany,4981,104,4035,10046,3037
2021-09-08,Canada,5109,103,3937,10065,3024
2021-09-09,India,5069,92,3903,10061,2928
2021-09-10,UK,5106,89,4023,10093,2851
2021-09-11,Spain,5093,109,4006,9983,2910
2021-09-12,Russia,4923,98,4067,10036,2959
2021-09-13,France,4975,103,3934,10096,2952
2021-09-14,USA,4976,111,3864,9965,2894
2021-09-15,Spain,4982,107,4062,9850,2931
2021-09-16,USA,4996,106,3864,10132,2946
2021-09-17,UK,4984,103,4123,9986,3034
2021-09-18,Russia,5205,113,4063,10101,2982
2021-09-19,Brazil,5075,94,4120,10084,2981
2021-09-20,France,5025,95,4048,9886,3037
2021-09-21,India,5026,106,3871,9900,2970
2021-09-22,Brazil,5027,110,3916,10187,2990
2021-09-23,UK,4938,107,3960,9981,2977
2021-09-24,Spain,4867,87,3980,9929,2991
2021-09-25,India,4832,95,4123,10096,2928
2021-09-26,Canada,4954,87,3980,10018,2962
2021-09-27,Germany,4873,115,4031,10042,2988
2021-09-28,India,5049,91,4015,9924,3020
2021-09-29,UK,4862,96,4041,9980,3078
2021-09-30,Italy,5095,105,4002,10065,2967
2021-10-01,Germany,5026,103,4071,10056,2917
2021-10-02,USA,5079,83,4001,9924,3028
2021-10-03,France,4986,96,4076,10056,3029
2021-10-04,USA,5064,88,3979,9925,3015
2021-10-05,India,5033,95,4018,10093,2961
2021-10-06,USA,4938,98,4001,10092,2960
2021-10-07,UK,5051,107,3976,10201,3031
2021-10-08,Canada,4880,88,4083,10027,3015
2021-10-09,Spain,4993,94,3948,9892,3030
2021-10-10,France,4967,97,4041,9977,2992
2021-10-11,USA,4989,101,3964,9802,3054
2021-10-12,USA,5028,110,3955,10089,3077
2021-10-13,India,4909,109,4044,10039,2973
2021-10-14,Spain,4949,108,3968,10041,2916
2021-10-15,Brazil,4995,105,3996,10045,3021
2021-10-16,USA,4951,115,3997,9947,3033
2021-10-17,UK,5102,110,3800,10016,3043
2021-10-18,Italy,5112,103,3887,10191,3058
2021-10-19,France,4994,101,4076,9913,2963
2021-10-20,USA,4995,113,4124,9933,2989
2021-10-21,UK,4994,93,4072,9956,2978
2021-10-22,UK,4995,95,4029,9929,2995
2021-10-23,France,5007,105,3996,10035,2933
2021-10-24,Brazil,5081,92,4049,10013,2971
2021-10-25,UK,4993,80,3910,10193,2964
2021-10-26,Italy,4938,83,4060,9767,3029
2021-10-27,UK,4828,113,3997,9891,3023
2021-10-28,UK,5072,109,4078,10050,2985
2021-10-29,UK,5073,83,4051,10109,2936
2021-10-30,Canada,5096,104,3974,10015,3006
2021-10-31,Canada,4829,94,4060,9995,2985
2021-11-01,Brazil,5131,125,4098,10107,3048
2021-11-02,USA,4978,84,4027,9884,2923
2021-11-03,UK,5097,110,4049,9975,2961
2021-11-04,Spain,4948,104,4005,9868,3006
2021-11-05,USA,4957,102,4063,10003,3028
2021-11-06,Brazil,5089,99,3932,9888,3011
2021-11-07,Russia,5046,119,4085,10181,3037
2021-11-08,USA,4948,99,4029,9921,2931
2021-11-09,USA,5067,117,3959,10093,2922
2021-11-10,Germany,4888,94,4079,10038,2972
2021-11-11,India,5010,103,4002,9947,3074
2021-11-12,Germany,4981,95,3862,9923,2921
2021-11-13,Italy,5054,95,3855,10039,2998
2021-11-14,Canada,5030,92,3979,9969,3019
2021-11-15,Canada,5100,104,3964,10105,3103
2021-11-16,India,5000,116,4007,10000,2984
2021-11-17,France,4902,79,3885,9985,2981
2021-11-18,France,4924,101,4087,9864,2985
2021-11-19,Brazil,5051,89,4058,10079,3001
2021-11-20,India,5073,71,4101,9787,3035
2021-11-21,USA,5006,97,3994,9884,2974
2021-11-22,France,4882,97,4026,9953,3012
2021-11-23,UK,5114,99,3961,9976,2948
2021-11-24,Spain,4937,101,4002,10113,2925
2021-11-25,USA,5072,97,4082,9876,2976
2021-11-26,Italy,4977,115,4036,9985,2977
2021-11-27,UK,4981,105,4075,9930,3007
2021-11-28,UK,5008,93,3910,10109,2974
2021-11-29,India,5018,119,4014,10065,2918
2021-11-30,Brazil,4976,108,4075,9912,2994
2021-12-01,Italy,5016,112,3931,10079,3018
2021-12-02,France,4892,102,3973,9926,2926
2021-12-03,India,5005,113,4032,9981,3010
2021-12-04,France,4922,101,4042,9896,3062
2021-12-05,India,5154,93,3968,10089,3044
2021-12-06,India,5003,108,4085,10250,2953
2021-12-07,India,5065,113,4061,9913,2998
2021-12-08,Brazil,4894,92,4076,10079,2974
2021-12-09,India,5006,94,3972,9823,2926
2021-12-10,Russia,5016,82,3928,10146,2870
2021-12-11,Spain,4896,106,3983,10106,2975
2021-12-12,France,4911,85,4039,10194,2945
2021-12-13,USA,4983,108,3949,10041,3054
2021-12-14,Germany,4961,104,3980,9991,3037
2021-12-15,Italy,4998,99,4035,9991,2928
2021-12-16,Canada,5078,106,3972,9984,3011
2021-12-17,Brazil,4974,113,3905,10037,2999
2021-12-18,USA,4989,105,3952,10012,3040
2021-12-19,UK,5009,101,3931,9927,2957
2021-12-20,Russia,5022,110,4039,9804,3069
2021-12-21,Canada,4996,102,3885,10082,3004
2021-12-22,Germany,4923,97,3947,10136,2971
2021-12-23,USA,5079,93,3964,9930,3055
2021-12-24,Canada,5075,112,4037,10063,2961
2021-12-25,USA,4926,124,3888,10155,3032
2021-12-26,Russia,5037,123,4021,9998,3096
2021-12-27,Germany,5077,101,3954,10220,2971
2021-12-28,UK,4922,98,3992,9924,3033
2021-12-29,India,5072,91,3926,9989,3021
2021-12-30,France,5062,98,3955,9896,2928
2021-12-31,UK,4958,110,4001,9954,3061
2022-01-01,India,5065,101,4120,10157,3059
2022-01-02,Brazil,5049,95,4035,9875,2978
2022-01-03,Spain,5084,105,4059,10066,3101
2022-01-04,Italy,5112,117,3991,10026,2984
2022-01-05,Italy,5019,93,3963,9955,2966
2022-01-06,France,4970,86,3957,10139,2898
2022-01-07,Germany,5010,99,4090,9966,3016
2022-01-08,Russia,5037,87,4010,10030,2994
2022-01-09,Germany,5158,99,3993,9949,2994
2022-01-10,Russia,4889,86,3959,9973,3013
2022-01-11,Germany,4998,100,4024,9916,2904
2022-01-12,Spain,4998,103,3970,9939,3032
2022-01-13,Brazil,5012,108,3950,10004,3067
2022-01-14,Brazil,5021,103,4004,9896,3045
2022-01-15,India,4972,90,3945,9900,2926
2022-01-16,Canada,5104,111,4084,10013,3001
2022-01-17,Brazil,4989,97,3983,9773,3077
2022-01-18,Brazil,5018,86,3962,10096,2982
2022-01-19,UK,4855,109,4016,9922,3029
2022-01-20,UK,5029,91,3959,9984,2959
2022-01-21,India,4944,106,4049,10125,3000
2022-01-22,Canada,4948,86,3843,10086,3044
2022-01-23,France,5050,100,3967,10018,2882
2022-01-24,UK,5131,100,4028,10175,2993
2022-01-25,France,5092,99,3938,10033,2981
2022-01-26,USA,5027,108,3997,10135,3079
2022-01-27,UK,5073,104,4005,10048,2951
2022-01-28,Spain,5050,101,4042,9815,2968
2022-01-29,Canada,4886,111,3907,10066,3126
2022-01-30,India,4827,118,3928,10038,2984
2022-01-31,USA,5027,102,3965,10081,2941
2022-02-01,Canada,5074,118,3911,9870,3012
2022-02-02,Spain,5098,111,3998,9970,2906
2022-02-03,Canada,4895,101,4015,10114,2947
2022-02-04,Spain,5047,98,4052,9945,2964
2022-02-05,Spain,5039,105,3996,9845,2925
2022-02-06,France,4959,119,4049,9784,2916
2022-02-07,Germany,5027,101,4010,9836,3039
2022-02-08,USA,5041,106,4051,9780,2965
2022-02-09,Canada,4893,99,4107,9943,3076
2022-02-10,Russia,5038,96,4054,10041,2940
2022-02-11,USA,5081,97,3995,9877,3008
2022-02-12,Germany,4996,97,3850,10033,3026
2022-02-13,USA,5044,102,4023,10016,2981
2022-02-14,Brazil,4936,107,4001,9932,2898
2022-02-15,Russia,4980,83,3964,9958,2947
2022-02-16,Germany,4917,101,3949,10021,3006
2022-02-17,France,5081,101,4066,9889,2982
2022-02-18,Canada,4938,112,4001,9988,3024
2022-02-19,Italy,4937,92,4044,10064,3003
2022-02-20,Germany,5056,95,4045,10332,2939
2022-02-21,India,5046,102,4080,10029,3044
2022-02-22,Canada,4991,106,3989,9873,2946
2022-02-23,Germany,5011,98,4023,10092,3010
2022-02-24,Brazil,5005,83,4049,9935,2929
2022-02-25,Italy,4942,107,4099,9958,2985
2022-02-26,Brazil,4956,103,3972,10051,3085
2022-02-27,Italy,4904,114,3974,9822,2963
2022-02-28,India,5047,102,3992,9985,2994
2022-03-01,Canada,4920,79,3920,9988,3014
2022-03-02,France,5074,100,3997,10064,2939
2022-03-03,Brazil,4951,113,3995,9935,3035
2022-03-04,Brazil,4894,100,3923,9946,2989
2022-03-05,Spain,5062,93,4105,9865,3013
2022-03-06,Italy,5019,111,4050,9946,3070
2022-03-07,UK,5017,117,4063,10042,2909
2022-03-08,Canada,4967,94,3955,9825,3003
2022-03-09,Italy,4880,94,3994,10055,3056
2022-03-10,Spain,5075,109,4045,9887,3022
2022-03-11,USA,5013,103,4084,10077,3026
2022-03-12,Italy,5014,101,4105,9831,3080
2022-03-13,France,5148,107,3998,9981,3002
2022-03-14,Canada,4975,97,4050,10040,3154
2022-03-15,Spain,5036,99,4083,10062,2947
2022-03-16,USA,5132,99,4076,10109,2938
2022-03-17,Russia,5036,91,3906,10024,2952
2022-03-18,Spain,4947,103,3905,9820,3035
2022-03-19,Russia,4928,85,4009,10033,3038
2022-03-20,Canada,4908,97,3989,10013,3025
2022-03-21,Brazil,5150,110,4190,9896,2988
2022-03-22,Spain,4995,126,4078,9877,3027
2022-03-23,India,5000,103,4012,10105,3014
2022-03-24,Russia,5090,105,4011,9921,3043
2022-03-25,France,4899,98,4051,9933,3048
2022-03-26,India,5059,95,4089,9925,2963
2022-03-27,Germany,5087,87,3923,9936,3081
2022-03-28,Germany,5010,100,3930,9990,3004
2022-03-29,USA,5046,112,4036,9893,3035
2022-03-30,Brazil,5091,94,3866,9885,3043
2022-03-31,Canada,5030,100,4006,9915,3009
2022-04-01,Spain,5055,89,3967,10030,2953
2022-04-02,UK,4979,111,4023,10029,3046
2022-04-03,France,4906,95,4056,9813,2913
2022-04-04,Russia,5250,102,4065,9938,3013
2022-04-05,Canada,5038,91,3968,9887,2945
2022-04-06,India,5016,83,3891,9970,2929
2022-04-07,Germany,5074,105,3991,9986,2957
2022-04-08,France,5009,111,4093,9847,2948
2022-04-09,UK,5039,109,3915,9953,3062
2022-04-10,Spain,5115,87,3800,10190,3071
2022-04-11,USA,5044,100,4029,10041,3063
2022-04-12,UK,4965,111,4029,10002,2916
2022-04-13,France,4950,118,3907,10137,2990
2022-04-14,UK,5095,94,4005,10023,3004
2022-04-15,France,4979,106,4077,10047,3020
2022-04-16,France,4991,84,4143,10114,3106
2022-04-17,Italy,4938,111,3971,9944,3005
2022-04-18,Russia,5086,109,4008,9885,3084
2022-04-19,Germany,4875,99,4026,10055,2985
2022-04-20,Italy,4973,89,4094,10063,3050
2022-04-21,Spain,4987,106,3972,9925,3020
2022-04-22,Italy,4967,102,4060,10235,3034
2022-04-23,Brazil,4939,86,3961,9953,3013
2022-04-24,Brazil,5014,90,4031,9884,3016
2022-04-25,Germany,5034,100,3953,9812,3037
2022-04-26,UK,5096,92,3996,9987,3035
2022-04-27,Russia,5009,93,3926,10046,2996
2022-04-28,Germany,5021,107,4053,9915,2839
2022-04-29,France,4935,92,3914,10062,2937
2022-04-30,India,5107,97,4081,10166,2963
2022-05-01,Russia,5140,112,4019,9786,2925
2022-05-02,Russia,4995,110,3942,10160,2925
2022-05-03,France,5035,97,4046,10090,2991
2022-05-04,France,5006,107,3949,9997,3016
2022-05-05,USA,5030,113,4014,10107,2991
2022-05-06,Germany,5061,112,3937,9922,3051
2022-05-07,France,5048,80,3892,10123,2994
2022-05-08,Brazil,5105,105,3923,9973,3009
2022-05-09,Spain,4962,89,4068,10061,3031
2022-05-10,India,5111,99,3986,9890,3004
2022-05-11,Germany,5029,109,3915,9978,2985
2022-05-12,Canada,5155,99,4032,9992,2954
2022-05-13,Brazil,5048,86,4010,9968,2987
2022-05-14,UK,4857,111,4033,10096,3036
2022-05-15,France,5040,109,4041,10055,3018
2022-05-16,Canada,4999,98,3948,10165,2923
2022-05-17,France,4828,107,4028,10095,3010
2022-05-18,Russia,4959,121,3938,10029,3039
2022-05-19,Brazil,4970,85,3927,10091,2971
2022-05-20,Russia,5130,103,4003,10049,2918
2022-05-21,USA,5009,95,4036,10002,2992
2022-05-22,Russia,4992,95,3962,9976,3067
2022-05-23,USA,5089,114,3962,10009,3003
2022-05-24,USA,5106,113,3930,10240,3056
2022-05-25,Canada,5005,100,3952,10059,2991
2022-05-26,France,5033,100,4034,9964,3046
2022-05-27,UK,5028,105,4055,10169,3033
2022-05-28,Russia,4981,90,4014,9931,3092
2022-05-29,Brazil,5004,89,3959,10130,2945
2022-05-30,USA,4992,98,4042,10029,3042
2022-05-31,France,4925,89,3935,9789,2942
2022-06-01,India,5076,89,4011,10022,2972
2022-06-02,Germany,4970,94,4063,10022,2937
2022-06-03,Canada,4979,100,3963,10054,3063
2022-06-04,UK,5085,107,3925,9978,2973
2022-06-05,Italy,4960,112,4001,9877,3033
2022-06-06,Canada,4992,112,4002,10025,2868
2022-06-07,India,5085,110,3969,9949,2931
2022-06-08,Germany,5078,101,3898,9821,3082
2022-06-09,India,4975,107,3974,9989,3007
2022-06-10,Russia,5068,94,3963,9926,3019
2022-06-11,USA,5069,99,4080,9933,2957
2022-06-12,UK,5003,97,3938,10046,3072
2022-06-13,Spain,4947,104,4021,10082,3062
2022-06-14,USA,4980,96,3937,10152,2984
2022-06-15,Spain,5170,92,3925,9860,3032
2022-06-16,Germany,5002,112,4005,9908,3026
2022-06-17,France,5028,123,4038,10002,2918
2022-06-18,Italy,4790,110,3935,10163,2985
2022-06-19,Brazil,4989,94,4065,10126,2986
2022-06-20,USA,4977,100,4004,9877,3061
2022-06-21,UK,4983,104,4103,10043,2985
2022-06-22,India,5109,90,3991,9880,3008
2022-06-23,UK,5248,100,4072,9819,3006
2022-06-24,Germany,5080,85,3931,10092,3029
2022-06-25,Spain,4916,104,3939,10005,2909
2022-06-26,India,4940,104,3993,9928,2928
2022-06-27,Brazil,5046,92,3999,9952,3004
2022-06-28,Brazil,4985,97,4166,10021,2924
2022-06-29,USA,5080,117,4020,9988,3057
2022-06-30,Germany,4986,95,4097,10114,3072
2022-07-01,France,5082,92,4081,10112,2949
2022-07-02,Germany,5057,104,4069,10068,3088
2022-07-03,Spain,5101,107,3961,10035,2973
2022-07-04,UK,4934,104,3964,10082,3028
2022-07-05,Brazil,4957,103,4015,9988,2967
2022-07-06,UK,4972,87,4076,10109,3027
2022-07-07,UK,5096,94,4008,9956,2981
2022-07-08,UK,4890,91,3901,10041,2952
2022-07-09,Brazil,5060,96,4043,10114,2966
2022-07-10,Canada,5075,113,4041,9954,3042
2022-07-11,Russia,4993,105,4085,10021,2947
2022-07-12,Spain,4956,95,4121,9923,2993
2022-07-13,Canada,4978,82,4036,9814,3029
2022-07-14,Spain,5006,102,3957,10202,2921
2022-07-15,India,4858,119,4019,10068,3003
2022-07-16,Germany,5047,109,3983,10070,3037
2022-07-17,Germany,4934,108,4058,10104,2985
2022-07-18,Italy,4987,100,4034,10078,2954
2022-07-19,Germany,4843,99,4088,9993,3012
2022-07-20,Brazil,4960,101,3936,9931,2950
2022-07-21,France,5029,98,3999,10053,2945
2022-07-22,USA,5056,94,4053,10004,3028
2022-07-23,Italy,5105,108,3970,9854,3009
2022-07-24,USA,4947,98,4048,9745,3183
2022-07-25,Spain,4906,113,3967,9779,2987
2022-07-26,USA,4938,88,4029,10046,2996
2022-07-27,USA,5008,111,4119,9705,3037
2022-07-28,Italy,4976,97,4042,9826,2991
2022-07-29,India,5055,111,4073,10024,3008
2022-07-30,UK,4951,103,3957,9997,2948
2022-07-31,Germany,4951,100,4070,10129,2881
2022-08-01,Germany,4996,96,3992,9950,2991
2022-08-02,Brazil,5159,95,3826,9919,3041
2022-08-03,Italy,4908,98,4067,9943,3046
2022-08-04,Brazil,5062,96,3961,9942,3040
2022-08-05,France,4990,101,4053,10027,2975
2022-08-06,France,4927,108,3993,9927,3083
2022-08-07,Brazil,5068,77,4131,9699,2976
2022-08-08,Italy,4906,90,3907,9939,2824
2022-08-09,Brazil,4968,119,4000,10081,2989
2022-08-10,Germany,4843,94,4005,10000,2966
2022-08-11,Canada,4937,86,4032,10043,2990
2022-08-12,Russia,4919,102,3948,10125,3104
2022-08-13,USA,5057,100,4066,10137,3081
2022-08-14,Russia,4987,109,4024,9971,2975
2022-08-15,Italy,4961,121,3961,10065,2988
2022-08-16,Russia,5001,119,3971,10168,3074
2022-08-17,France,5111,101,3957,9885,3058
2022-08-18,Spain,5062,93,3901,9959,2973
2022-08-19,USA,5066,95,4022,9974,2954
2022-08-20,UK,5081,111,3962,10053,3012
2022-08-21,Italy,5012,102,3946,10101,3051
2022-08-22,USA,5043,97,3998,10035,2971
2022-08-23,Russia,5008,107,4045,10008,3074
2022-08-24,France,4960,80,4042,10129,2954
2022-08-25,India,4903,86,4039,9952,3053
2022-08-26,Canada,4940,99,3979,9972,2917
2022-08-27,UK,5070,97,4067,10017,2993
2022-08-28,Canada,5025,95,3990,10041,2950
2022-08-29,USA,5072,105,4063,9713,3047
2022-08-30,France,4869,103,3948,10083,3031
2022-08-31,France,5137,109,3963,10063,3097
2022-09-01,Russia,4946,101,4057,9893,3053
2022-09-02,Germany,4929,108,4105,9999,2972
2022-09-03,Russia,4978,92,4074,10086,3048
2022-09-04,Germany,4982,84,4086,10021,3013
2022-09-05,Germany,4986,87,4018,10018,3119
2022-09-06,UK,5021,112,4090,9912,3053
2022-09-07,Russia,4970,93,3995,9963,2981
2022-09-08,India,4966,94,4025,9897,2992
2022-09-09,Brazil,4871,105,4114,9911,2919
2022-09-10,Brazil,4976,112,3937,10075,2976
2022-09-11,Russia,5063,100,3900,9913,3061
2022-09-12,Russia,4902,95,3972,10073,2988
2022-09-13,Canada,5063,90,3977,9993,3002
2022-09-14,UK,5009,92,3983,10186,3008
2022-09-15,Russia,5011,90,4014,10037,3003
2022-09-16,Canada,5016,100,4005,9963,2990
2022-09-17,Germany,5004,83,4071,9869,3097
2022-09-18,France,5021,105,4110,9992,3057
2022-09-19,France,5051,92,3917,9962,3086
2022-09-20,Germany,5010,118,3850,9942,2959
2022-09-21,Italy,4914,97,3943,10039,3090
2022-09-22,Canada,4867,93,4026,10022,2997
2022-09-23,Canada,5041,107,3997,10055,2942
2022-09-24,Germany,4888,103,4055,9944,3068
2022-09-25,India,5029,100,4091,10234,3080
2022-09-26,Spain,4974,111,4063,10090,3036
